code;name;description;active
CWRS;Carriageway Width Restricted & Signed Detour;Carriageway Width Restricted & Signed Detour;true
DETR;Detour Route;Detour Route;true
SUBB;Substitution Bridge;Substitution Bridge;true
HMLL;Height & Mass Load Limit;Height & Mass Load Limit;true
CLTT;Clearance / Tolerance;Clearance / Tolerance;true
RPBL;Repair / Bridge Load Limit;Repair / Bridge Load Limit;true
TEMP;Temporary Provision;Temporary Provision;true
MNTR;Monitoring Required;Monitoring Required;true
SPDI;Special Dispensation;Special Dispensation;true
